Company;Email;Phone
Tree.Telecom;soporte@atrebo.com;+34 12445
ATREBO;enrique.garcia@atrebo.com;+34 665512005
ATREBO;javier.rodriguez@atrebo.com;+34 653830934
Tree.Telecom;david.humanes@atrebo.com;+34 8684684
ATREBO;mdm.vilchez@atrebo.com;+34 684684
ATREBO;francisco.gonzalez@atrebo.com;+34 646544
Tree.Telecom;javier.dominguez@atrebo.com;+34 6846846
Tree.Telecom;javier.ales@atrebo.com;+34 684684
ATREBO;francis.pineda@atrebo.com;+34 123456
ATREBO;teresa.morenes@atrebo.com;+34 670734164
ATREBO;jacobo.sierra@atrebo.com;+34 665512005
ATREBO;ramon.poch@atrebo.com;+34 12344
ATREBO;soporte.local@atrebo.com;+34 1223454
Tree.Telecom;alejandro.humanes@atrebo.com;+34 684684
ATREBO;pedro.cortes@atrebo.com;+34 68464
ATREBO;jacsierrcala@gmail.com;+34 628655342
ATREBO;juancarlos.aguilar@atrebo.com;+34 65782168
ATREBO;duplicated@atrebo.com;+34 64684
ATREBO;tree.support@atrebo.com;+34 627144424
ATREBO;dupl@atrebo.com;+34 684684
ATREBO;jesus.rosa@atrebo.com;+34 684684
ATREBO;carlos.rivero@atrebo.com;+34 12345
ATREBO;miguelangel.gonzalez@atrebo.com;+34 684684
ATREBO;elena.rodriguez@atrebo.com;+34 66666
ATREBO;felipe.montes@atrebo.com;+34 654321
ATREBO;francisco.batista@atrebo.com;+34 61651
ATREBO;josefrancisco.morales@atrebo.com;+34 654987
IMC-0012;manuel@gmail.com;+34 656556656
IMC-0009;raul.flores@gmail.com;+34 656414232
ATREBO;2@2.com;+34 5621
IMC-0012;Jesus@gmail.com;+34 96693
Tree.Telecom;miriam.lama@atrebo.com;+34 665465
;super2@atrebo.com;+34
Tree.Telecom;tes321@atrebo.com;+34 678234567
ATREBO;PruebaClonar@PruebaClonar.com;+34 433432423
ATREBO;Prueba23Clonar@PruebaC23lonar.com;+34 5685435
Tree.Telecom;clonar@test.com;+34 123456789
TecRiasport;info@riasport.es;+34 601601601
ATREBO;mhammed.alaoui@atrebo.com;+34 601601601
;treeservices@atrebo.com;
ATREBO;PruebaJR@gam.com;+34 6958655
ATREBO;josemanuel.dominguez@atrebo.com;+34 6565465
ATREBO;sdfsdfsdf234@ujd.com;+34 3453453
ATREBO;PruebaFinal1PruebaFinal1@id.co;+34 23434234
ATREBO;aaaaaaaaaaaJR@sd.com;+34 5849646
ATREBO;aaaaaaaaaaaJRaaaaaaaaaaaJR@jus.con;+34 45345345
ATREBO;pruebaClonarFinal@kjse.co;+34 5434343
ATREBO;usuario@uno.com;+34 601601601
Tree.Telecom;usuario@dos.com;+34 602602602
IMC-0005;usuarioeditado@tres.com;+34 604604604
Huawei;test.xiaomi@tree.com;+34 634898978
Huawei;test.huawei@tree.com;+47 9875531
Xiaomi;Test.xiaomi2@tree.com;+34 6938995
ATREBO;sololectura@atrebo.com;+34 601601601
ATREBO;UsuarioDesactivado@UsuarioDesactivado.com;+34 654156498
ATREBO;PruebaPrev@PruebaPrev.com;+34 654645
ATREBO;PruebaPrev2@hjsm.com;+34 4554545
ATREBO;PruebaTab1@PruebaTab1.com;+34 43233423
TecRiasport;adhesion@riasport.es;+34 601602603
ATREBO;UsuariosDesactivado1@UsuariosDesactivado1.com;+34 6266546851
;treeservices@atrebo.com;
Tree.Telecom;usuario_sinrol@atrebo.com;+34 6016061601
ATREBO;pedro.vicente@atrebo.com;+34 666555222
ATREBO;test@atrebo.com;+34 35416416
ATREBO;testelena@atrebo.com;+34 654651
ATREBO;testUser@atrebo.com;+34 345161
ATREBO;testElena2@atrebo.com;+34 3165165
ATREBO;testElena3@atrebo.com;+34 31651651
ATREBO;testelena5@atrebo.com;+34 531516
ATREBO;testElena6@atrebo.com;+34 6451165
ATREBO;pruebaElena@atrebo.com;+34 64651654
ATREBO;pruebaElena2@atrbo.com;+34 65165165
ATREBO;pruebaElena15@atrebo.com;+34 3151651
ATREBO;pruebaElena8@atrebo.com;+34 6464161
ATREBO;pruebaElenaFinal@atrebo.com;+34 35165156
Tree.Telecom;name4@surname4.com;+34 601601601
Tree.Telecom;name2@surname2.com;+34 601601601
Tree.Telecom;name3@surname3.com;+34 601601601
Tree.Telecom;name@surname.com;+34 601601601
Tree.Telecom;name@surname7.com;+34 601601601
Tree.Telecom;name5@surname5.com;+34 601601601
Tree.Telecom;andrea.lluch@atrebo.com;+34 640218097
ATREBO;test@test.com;+34 6346516
ATREBO;test3@test.com;+34 546165
ATREBO;test4@test.com;+34 315616
ATREBO;test5@test.com;+34 5641651
ATREBO;test1@test.com;+34 5678687
ATREBO;test2@test.com;+34 5767785687
ATREBO;test7@test.com;+34 6515616
ATREBO;test10@test.com;+34 165161
ATREBO;test11@test.com;+34 546786
ATREBO;test12@test.com;+34 456786
ATREBO;test13@test.com;+34 456786
ATREBO;test14@test.com;+34 49646841
ATREBO;test15@test.com;+34 31651651
ATREBO;test16@test.com;+34 516165
ATREBO;test17@test.com;+34 32165165
ATREBO;test20@test.com;+34 6156161
ATREBO;test22@test.com;+34 6541651
ATREBO;marta@riasport.es;+34 601601
ATREBO;marta2@riasport.es;+34 601601
ATREBO;marta3@riasport.es;+34 601601
ATREBO;joseluis@riasport.es;+34 601601
ATREBO;testPrueba@test.com;+34 651651
ATREBO;ana@riasport.es;+34 601601601
;super@atrebo.com;
ATREBO;usuariolectura@usuariolectura.com;+34 633550354
ATREBO;testElenaLogin@atrebo.com;+34 64165156
ATREBO;testTab@atrebo.com;+34 5646516
ATREBO;testElena@test.com;+34 165165
ATREBO;e@test.com;+34 456876
TecRiasport;nicolas@dathos.com;+34 601601
Tree.Telecom;e@atrebo.com;+34 541651